9 / 200	2019/01/22 16:30:15	2019/0122 19:10:15	相澤　太郎
10 / 200	2019/01/22 16:30:16	2019/0122 19:10:16	相澤　太郎
11 / 200	2019/01/22 16:30:17	2019/0122 19:10:17	相澤　太郎
12 / 200	2019/01/22 16:30:18	2019/0122 19:10:18	相澤　太郎
13 / 200	2019/01/22 16:30:19	2019/0122 19:10:19	相澤　太郎
14 / 200	2019/01/22 16:30:20	2019/0122 19:10:20	相澤　太郎
15 / 200	2019/01/22 16:30:21	2019/0122 19:10:21	相澤　太郎
16 / 200	2019/01/22 16:30:22	2019/0122 19:10:22	相澤　太郎
17 / 200	2019/01/22 16:30:23	2019/0122 19:10:23	相澤　太郎
18 / 200	2019/01/22 16:30:24	2019/0122 19:10:24	相澤　太郎
19 / 200	2019/01/22 16:30:25	2019/0122 19:10:25	相澤　太郎
20 / 200	2019/01/22 16:30:26	2019/0122 19:10:26	相澤　太郎
21 / 200	2019/01/22 16:30:27	2019/0122 19:10:27	相澤　太郎
22 / 200	2019/01/22 16:30:28	2019/0122 19:10:28	相澤　太郎
23 / 200	2019/01/22 16:30:29	2019/0122 19:10:29	相澤　太郎
24 / 200	2019/01/22 16:30:30	2019/0122 19:10:30	相澤　太郎
25 / 200	2019/01/22 16:30:31	2019/0122 19:10:31	相澤　太郎
26 / 200	2019/01/22 16:30:32	2019/0122 19:10:32	相澤　太郎
27 / 200	2019/01/22 16:30:33	2019/0122 19:10:33	相澤　太郎
28 / 200	2019/01/22 16:30:34	2019/0122 19:10:34	相澤　太郎
29 / 200	2019/01/22 16:30:35	2019/0122 19:10:35	相澤　太郎
30 / 200	2019/01/22 16:30:36	2019/0122 19:10:36	相澤　太郎
31 / 200	2019/01/22 16:30:37	2019/0122 19:10:37	相澤　太郎
32 / 200	2019/01/22 16:30:38	2019/0122 19:10:38	相澤　太郎
33 / 200	2019/01/22 16:30:39	2019/0122 19:10:39	相澤　太郎
34 / 200	2019/01/22 16:30:40	2019/0122 19:10:40	相澤　太郎
35 / 200	2019/01/22 16:30:41	2019/0122 19:10:41	相澤　太郎
36 / 200	2019/01/22 16:30:42	2019/0122 19:10:42	相澤　太郎
37 / 200	2019/01/22 16:30:43	2019/0122 19:10:43	相澤　太郎
38 / 200	2019/01/22 16:30:44	2019/0122 19:10:44	相澤　太郎
